Step,Loss,BER
1,0.09944310039281845,0.0006000000284984708,0.15989890694618225,0.021900000050663948
2,0.07943095266819,0.0005000000237487257,0.10944291949272156,0.005150000099092722
3,0.05921674519777298,0.000699999975040555,0.08714964985847473,0.003599999938160181
4,0.04187426343560219,0.0005499999970197678,0.06458090245723724,0.0026000000070780516
5,0.02868964523077011,0.0001500000071246177,0.048048801720142365,0.002899999963119626
6,0.020072635263204575,0.00019999999494757503,0.03465807065367699,0.00279999990016222
7,0.014918878674507141,0.0002500000118743628,0.025232214480638504,0.00215000007301569
8,0.011689210310578346,0.00044999999227002263,0.01874496042728424,0.0015999999595806003
